Date	Day Name	Month Name
Friday, January 1, 2021	Friday	January
Friday, January 8, 2021	Friday	January
Friday, January 15, 2021	Friday	January
Friday, January 22, 2021	Friday	January
Friday, January 29, 2021	Friday	January
Friday, February 5, 2021	Friday	February
Friday, February 12, 2021	Friday	February
Friday, February 19, 2021	Friday	February
Friday, February 26, 2021	Friday	February
Friday, March 5, 2021	Friday	March
Friday, March 12, 2021	Friday	March
Friday, March 19, 2021	Friday	March
Friday, March 26, 2021	Friday	March
Friday, April 2, 2021	Friday	April
Friday, April 9, 2021	Friday	April
Friday, April 16, 2021	Friday	April
Friday, April 23, 2021	Friday	April
Friday, April 30, 2021	Friday	April
Friday, May 7, 2021	Friday	May
Friday, May 14, 2021	Friday	May
Friday, May 21, 2021	Friday	May
Friday, May 28, 2021	Friday	May
Friday, June 4, 2021	Friday	June
Friday, June 11, 2021	Friday	June
Friday, June 18, 2021	Friday	June
Friday, June 25, 2021	Friday	June
Friday, July 2, 2021	Friday	July
Friday, July 9, 2021	Friday	July
Friday, July 16, 2021	Friday	July
Friday, July 23, 2021	Friday	July
Friday, July 30, 2021	Friday	July
Friday, August 6, 2021	Friday	August
Friday, August 13, 2021	Friday	August
Friday, August 20, 2021	Friday	August
Friday, August 27, 2021	Friday	August
Friday, September 3, 2021	Friday	September
Friday, September 10, 2021	Friday	September
Friday, September 17, 2021	Friday	September
Friday, September 24, 2021	Friday	September
Friday, October 1, 2021	Friday	October
Friday, October 8, 2021	Friday	October
Friday, October 15, 2021	Friday	October
Friday, October 22, 2021	Friday	October
Friday, October 29, 2021	Friday	October
Friday, November 5, 2021	Friday	November
Friday, November 12, 2021	Friday	November
Friday, November 19, 2021	Friday	November
Friday, November 26, 2021	Friday	November
Friday, December 3, 2021	Friday	December
Friday, December 10, 2021	Friday	December
Friday, December 17, 2021	Friday	December
Friday, December 24, 2021	Friday	December
Friday, December 31, 2021	Friday	December
Friday, January 7, 2022	Friday	January
Friday, January 14, 2022	Friday	January
Friday, January 21, 2022	Friday	January
Friday, January 28, 2022	Friday	January
Friday, February 4, 2022	Friday	February
Friday, February 11, 2022	Friday	February
Friday, February 18, 2022	Friday	February
Friday, February 25, 2022	Friday	February
Friday, March 4, 2022	Friday	March
Friday, March 11, 2022	Friday	March
Friday, March 18, 2022	Friday	March
Friday, March 25, 2022	Friday	March
Friday, April 1, 2022	Friday	April
Friday, April 8, 2022	Friday	April
Friday, April 15, 2022	Friday	April
Friday, April 22, 2022	Friday	April
Friday, April 29, 2022	Friday	April
Friday, May 6, 2022	Friday	May
Friday, May 13, 2022	Friday	May
Friday, May 20, 2022	Friday	May
Friday, May 27, 2022	Friday	May
Friday, June 3, 2022	Friday	June
Friday, June 10, 2022	Friday	June
Friday, June 17, 2022	Friday	June
Friday, June 24, 2022	Friday	June
Friday, July 1, 2022	Friday	July
Friday, July 8, 2022	Friday	July
Friday, July 15, 2022	Friday	July
Friday, July 22, 2022	Friday	July
Friday, July 29, 2022	Friday	July
Friday, August 5, 2022	Friday	August
Friday, August 12, 2022	Friday	August
Friday, August 19, 2022	Friday	August
Friday, August 26, 2022	Friday	August
Friday, September 2, 2022	Friday	September
Friday, September 9, 2022	Friday	September
Friday, September 16, 2022	Friday	September
Friday, September 23, 2022	Friday	September
Friday, September 30, 2022	Friday	September
Friday, October 7, 2022	Friday	October
Friday, October 14, 2022	Friday	October
Friday, October 21, 2022	Friday	October
Friday, October 28, 2022	Friday	October
Friday, November 4, 2022	Friday	November
Friday, November 11, 2022	Friday	November
Friday, November 18, 2022	Friday	November
Friday, November 25, 2022	Friday	November
Friday, December 2, 2022	Friday	December
Friday, December 9, 2022	Friday	December
Friday, December 16, 2022	Friday	December
Friday, December 23, 2022	Friday	December
Friday, December 30, 2022	Friday	December
Friday, January 6, 2023	Friday	January
Friday, January 13, 2023	Friday	January
Friday, January 20, 2023	Friday	January
Friday, January 27, 2023	Friday	January
Friday, February 3, 2023	Friday	February
Friday, February 10, 2023	Friday	February
Friday, February 17, 2023	Friday	February
Friday, February 24, 2023	Friday	February
Friday, March 3, 2023	Friday	March
Friday, March 10, 2023	Friday	March
Friday, March 17, 2023	Friday	March
Friday, March 24, 2023	Friday	March
Friday, March 31, 2023	Friday	March
Friday, April 7, 2023	Friday	April
Friday, April 14, 2023	Friday	April
Friday, April 21, 2023	Friday	April
Friday, April 28, 2023	Friday	April
Friday, May 5, 2023	Friday	May
Friday, May 12, 2023	Friday	May
Friday, May 19, 2023	Friday	May
Friday, May 26, 2023	Friday	May
Friday, June 2, 2023	Friday	June
Friday, June 9, 2023	Friday	June
Friday, June 16, 2023	Friday	June
Friday, June 23, 2023	Friday	June
Friday, June 30, 2023	Friday	June
Friday, July 7, 2023	Friday	July
Friday, July 14, 2023	Friday	July
Friday, July 21, 2023	Friday	July
Friday, July 28, 2023	Friday	July
Friday, August 4, 2023	Friday	August
Friday, August 11, 2023	Friday	August
Friday, August 18, 2023	Friday	August
Friday, August 25, 2023	Friday	August
Friday, September 1, 2023	Friday	September
Friday, September 8, 2023	Friday	September
Friday, September 15, 2023	Friday	September
Friday, September 22, 2023	Friday	September
Friday, September 29, 2023	Friday	September
Friday, October 6, 2023	Friday	October
Friday, October 13, 2023	Friday	October
Friday, October 20, 2023	Friday	October
Friday, October 27, 2023	Friday	October
Friday, November 3, 2023	Friday	November
Friday, November 10, 2023	Friday	November
Friday, November 17, 2023	Friday	November
Friday, November 24, 2023	Friday	November
Friday, December 1, 2023	Friday	December
Friday, December 8, 2023	Friday	December
Friday, December 15, 2023	Friday	December
Friday, December 22, 2023	Friday	December
Friday, December 29, 2023	Friday	December
Friday, January 5, 2024	Friday	January
Friday, January 12, 2024	Friday	January
Friday, January 19, 2024	Friday	January
Friday, January 26, 2024	Friday	January
Friday, February 2, 2024	Friday	February
Friday, February 9, 2024	Friday	February
Friday, February 16, 2024	Friday	February
Friday, February 23, 2024	Friday	February
Friday, March 1, 2024	Friday	March
Friday, March 8, 2024	Friday	March
Friday, March 15, 2024	Friday	March
Friday, March 22, 2024	Friday	March
Friday, March 29, 2024	Friday	March
Friday, April 5, 2024	Friday	April
Friday, April 12, 2024	Friday	April
Friday, April 19, 2024	Friday	April
Friday, April 26, 2024	Friday	April
Friday, May 3, 2024	Friday	May
Friday, May 10, 2024	Friday	May
Friday, May 17, 2024	Friday	May
Friday, May 24, 2024	Friday	May
Friday, May 31, 2024	Friday	May
Friday, June 7, 2024	Friday	June
Friday, June 14, 2024	Friday	June
Friday, June 21, 2024	Friday	June
Friday, June 28, 2024	Friday	June
Friday, July 5, 2024	Friday	July
Friday, July 12, 2024	Friday	July
Friday, July 19, 2024	Friday	July
Friday, July 26, 2024	Friday	July
Friday, August 2, 2024	Friday	August
Friday, August 9, 2024	Friday	August
Friday, August 16, 2024	Friday	August
Friday, August 23, 2024	Friday	August
Friday, August 30, 2024	Friday	August
Friday, September 6, 2024	Friday	September
Friday, September 13, 2024	Friday	September
Friday, September 20, 2024	Friday	September
Friday, September 27, 2024	Friday	September
Friday, October 4, 2024	Friday	October
Friday, October 11, 2024	Friday	October
Friday, October 18, 2024	Friday	October
Friday, October 25, 2024	Friday	October
Friday, November 1, 2024	Friday	November
Friday, November 8, 2024	Friday	November
Friday, November 15, 2024	Friday	November
Friday, November 22, 2024	Friday	November
Friday, November 29, 2024	Friday	November
Friday, December 6, 2024	Friday	December
Friday, December 13, 2024	Friday	December
Friday, December 20, 2024	Friday	December
Friday, December 27, 2024	Friday	December
Saturday, January 2, 2021	Saturday	January
Saturday, January 9, 2021	Saturday	January
Saturday, January 16, 2021	Saturday	January
Saturday, January 23, 2021	Saturday	January
Saturday, January 30, 2021	Saturday	January
Saturday, February 6, 2021	Saturday	February
Saturday, February 13, 2021	Saturday	February
Saturday, February 20, 2021	Saturday	February
Saturday, February 27, 2021	Saturday	February
Saturday, March 6, 2021	Saturday	March
Saturday, March 13, 2021	Saturday	March
Saturday, March 20, 2021	Saturday	March
Saturday, March 27, 2021	Saturday	March
Saturday, April 3, 2021	Saturday	April
Saturday, April 10, 2021	Saturday	April
Saturday, April 17, 2021	Saturday	April
Saturday, April 24, 2021	Saturday	April
Saturday, May 1, 2021	Saturday	May
Saturday, May 8, 2021	Saturday	May
Saturday, May 15, 2021	Saturday	May
Saturday, May 22, 2021	Saturday	May
Saturday, May 29, 2021	Saturday	May
Saturday, June 5, 2021	Saturday	June
Saturday, June 12, 2021	Saturday	June
Saturday, June 19, 2021	Saturday	June
Saturday, June 26, 2021	Saturday	June
Saturday, July 3, 2021	Saturday	July
Saturday, July 10, 2021	Saturday	July
Saturday, July 17, 2021	Saturday	July
Saturday, July 24, 2021	Saturday	July
Saturday, July 31, 2021	Saturday	July
Saturday, August 7, 2021	Saturday	August
Saturday, August 14, 2021	Saturday	August
Saturday, August 21, 2021	Saturday	August
Saturday, August 28, 2021	Saturday	August
Saturday, September 4, 2021	Saturday	September
Saturday, September 11, 2021	Saturday	September
Saturday, September 18, 2021	Saturday	September
Saturday, September 25, 2021	Saturday	September
Saturday, October 2, 2021	Saturday	October
Saturday, October 9, 2021	Saturday	October
Saturday, October 16, 2021	Saturday	October
Saturday, October 23, 2021	Saturday	October
Saturday, October 30, 2021	Saturday	October
Saturday, November 6, 2021	Saturday	November
Saturday, November 13, 2021	Saturday	November
Saturday, November 20, 2021	Saturday	November
Saturday, November 27, 2021	Saturday	November
Saturday, December 4, 2021	Saturday	December
Saturday, December 11, 2021	Saturday	December
Saturday, December 18, 2021	Saturday	December
Saturday, December 25, 2021	Saturday	December
Saturday, January 1, 2022	Saturday	January
Saturday, January 8, 2022	Saturday	January
Saturday, January 15, 2022	Saturday	January
Saturday, January 22, 2022	Saturday	January
Saturday, January 29, 2022	Saturday	January
Saturday, February 5, 2022	Saturday	February
Saturday, February 12, 2022	Saturday	February
Saturday, February 19, 2022	Saturday	February
Saturday, February 26, 2022	Saturday	February
Saturday, March 5, 2022	Saturday	March
Saturday, March 12, 2022	Saturday	March
Saturday, March 19, 2022	Saturday	March
Saturday, March 26, 2022	Saturday	March
Saturday, April 2, 2022	Saturday	April
Saturday, April 9, 2022	Saturday	April
Saturday, April 16, 2022	Saturday	April
Saturday, April 23, 2022	Saturday	April
Saturday, April 30, 2022	Saturday	April
Saturday, May 7, 2022	Saturday	May
Saturday, May 14, 2022	Saturday	May
Saturday, May 21, 2022	Saturday	May
Saturday, May 28, 2022	Saturday	May
Saturday, June 4, 2022	Saturday	June
Saturday, June 11, 2022	Saturday	June
Saturday, June 18, 2022	Saturday	June
Saturday, June 25, 2022	Saturday	June
Saturday, July 2, 2022	Saturday	July
Saturday, July 9, 2022	Saturday	July
Saturday, July 16, 2022	Saturday	July
Saturday, July 23, 2022	Saturday	July
Saturday, July 30, 2022	Saturday	July
Saturday, August 6, 2022	Saturday	August
Saturday, August 13, 2022	Saturday	August
Saturday, August 20, 2022	Saturday	August
Saturday, August 27, 2022	Saturday	August
Saturday, September 3, 2022	Saturday	September
Saturday, September 10, 2022	Saturday	September
Saturday, September 17, 2022	Saturday	September
Saturday, September 24, 2022	Saturday	September
Saturday, October 1, 2022	Saturday	October
Saturday, October 8, 2022	Saturday	October
Saturday, October 15, 2022	Saturday	October
Saturday, October 22, 2022	Saturday	October
Saturday, October 29, 2022	Saturday	October
Saturday, November 5, 2022	Saturday	November
Saturday, November 12, 2022	Saturday	November
Saturday, November 19, 2022	Saturday	November
Saturday, November 26, 2022	Saturday	November
Saturday, December 3, 2022	Saturday	December
Saturday, December 10, 2022	Saturday	December
Saturday, December 17, 2022	Saturday	December
Saturday, December 24, 2022	Saturday	December
Saturday, December 31, 2022	Saturday	December
Saturday, January 7, 2023	Saturday	January
Saturday, January 14, 2023	Saturday	January
Saturday, January 21, 2023	Saturday	January
Saturday, January 28, 2023	Saturday	January
Saturday, February 4, 2023	Saturday	February
Saturday, February 11, 2023	Saturday	February
Saturday, February 18, 2023	Saturday	February
Saturday, February 25, 2023	Saturday	February
Saturday, March 4, 2023	Saturday	March
Saturday, March 11, 2023	Saturday	March
Saturday, March 18, 2023	Saturday	March
Saturday, March 25, 2023	Saturday	March
Saturday, April 1, 2023	Saturday	April
Saturday, April 8, 2023	Saturday	April
Saturday, April 15, 2023	Saturday	April
Saturday, April 22, 2023	Saturday	April
Saturday, April 29, 2023	Saturday	April
Saturday, May 6, 2023	Saturday	May
Saturday, May 13, 2023	Saturday	May
Saturday, May 20, 2023	Saturday	May
Saturday, May 27, 2023	Saturday	May
Saturday, June 3, 2023	Saturday	June
Saturday, June 10, 2023	Saturday	June
Saturday, June 17, 2023	Saturday	June
Saturday, June 24, 2023	Saturday	June
Saturday, July 1, 2023	Saturday	July
Saturday, July 8, 2023	Saturday	July
Saturday, July 15, 2023	Saturday	July
Saturday, July 22, 2023	Saturday	July
Saturday, July 29, 2023	Saturday	July
Saturday, August 5, 2023	Saturday	August
Saturday, August 12, 2023	Saturday	August
Saturday, August 19, 2023	Saturday	August
Saturday, August 26, 2023	Saturday	August
Saturday, September 2, 2023	Saturday	September
Saturday, September 9, 2023	Saturday	September
Saturday, September 16, 2023	Saturday	September
Saturday, September 23, 2023	Saturday	September
Saturday, September 30, 2023	Saturday	September
Saturday, October 7, 2023	Saturday	October
Saturday, October 14, 2023	Saturday	October
Saturday, October 21, 2023	Saturday	October
Saturday, October 28, 2023	Saturday	October
Saturday, November 4, 2023	Saturday	November
Saturday, November 11, 2023	Saturday	November
Saturday, November 18, 2023	Saturday	November
Saturday, November 25, 2023	Saturday	November
Saturday, December 2, 2023	Saturday	December
Saturday, December 9, 2023	Saturday	December
Saturday, December 16, 2023	Saturday	December
Saturday, December 23, 2023	Saturday	December
Saturday, December 30, 2023	Saturday	December
Saturday, January 6, 2024	Saturday	January
Saturday, January 13, 2024	Saturday	January
Saturday, January 20, 2024	Saturday	January
Saturday, January 27, 2024	Saturday	January
Saturday, February 3, 2024	Saturday	February
Saturday, February 10, 2024	Saturday	February
Saturday, February 17, 2024	Saturday	February
Saturday, February 24, 2024	Saturday	February
Saturday, March 2, 2024	Saturday	March
Saturday, March 9, 2024	Saturday	March
Saturday, March 16, 2024	Saturday	March
Saturday, March 23, 2024	Saturday	March
Saturday, March 30, 2024	Saturday	March
Saturday, April 6, 2024	Saturday	April
Saturday, April 13, 2024	Saturday	April
Saturday, April 20, 2024	Saturday	April
Saturday, April 27, 2024	Saturday	April
Saturday, May 4, 2024	Saturday	May
Saturday, May 11, 2024	Saturday	May
Saturday, May 18, 2024	Saturday	May
Saturday, May 25, 2024	Saturday	May
Saturday, June 1, 2024	Saturday	June
Saturday, June 8, 2024	Saturday	June
Saturday, June 15, 2024	Saturday	June
Saturday, June 22, 2024	Saturday	June
Saturday, June 29, 2024	Saturday	June
Saturday, July 6, 2024	Saturday	July
Saturday, July 13, 2024	Saturday	July
Saturday, July 20, 2024	Saturday	July
Saturday, July 27, 2024	Saturday	July
Saturday, August 3, 2024	Saturday	August
Saturday, August 10, 2024	Saturday	August
Saturday, August 17, 2024	Saturday	August
Saturday, August 24, 2024	Saturday	August
Saturday, August 31, 2024	Saturday	August
Saturday, September 7, 2024	Saturday	September
Saturday, September 14, 2024	Saturday	September
Saturday, September 21, 2024	Saturday	September
Saturday, September 28, 2024	Saturday	September
Saturday, October 5, 2024	Saturday	October
Saturday, October 12, 2024	Saturday	October
Saturday, October 19, 2024	Saturday	October
Saturday, October 26, 2024	Saturday	October
Saturday, November 2, 2024	Saturday	November
Saturday, November 9, 2024	Saturday	November
Saturday, November 16, 2024	Saturday	November
Saturday, November 23, 2024	Saturday	November
Saturday, November 30, 2024	Saturday	November
Saturday, December 7, 2024	Saturday	December
Saturday, December 14, 2024	Saturday	December
Saturday, December 21, 2024	Saturday	December
Saturday, December 28, 2024	Saturday	December
Sunday, January 3, 2021	Sunday	January
Sunday, January 10, 2021	Sunday	January
Sunday, January 17, 2021	Sunday	January
Sunday, January 24, 2021	Sunday	January
Sunday, January 31, 2021	Sunday	January
Sunday, February 7, 2021	Sunday	February
Sunday, February 14, 2021	Sunday	February
Sunday, February 21, 2021	Sunday	February
Sunday, February 28, 2021	Sunday	February
Sunday, March 7, 2021	Sunday	March
Sunday, March 14, 2021	Sunday	March
Sunday, March 21, 2021	Sunday	March
Sunday, March 28, 2021	Sunday	March
Sunday, April 4, 2021	Sunday	April
Sunday, April 11, 2021	Sunday	April
Sunday, April 18, 2021	Sunday	April
Sunday, April 25, 2021	Sunday	April
Sunday, May 2, 2021	Sunday	May
Sunday, May 9, 2021	Sunday	May
Sunday, May 16, 2021	Sunday	May
Sunday, May 23, 2021	Sunday	May
Sunday, May 30, 2021	Sunday	May
Sunday, June 6, 2021	Sunday	June
Sunday, June 13, 2021	Sunday	June
Sunday, June 20, 2021	Sunday	June
Sunday, June 27, 2021	Sunday	June
Sunday, July 4, 2021	Sunday	July
Sunday, July 11, 2021	Sunday	July
Sunday, July 18, 2021	Sunday	July
Sunday, July 25, 2021	Sunday	July
Sunday, August 1, 2021	Sunday	August
Sunday, August 8, 2021	Sunday	August
Sunday, August 15, 2021	Sunday	August
Sunday, August 22, 2021	Sunday	August
Sunday, August 29, 2021	Sunday	August
Sunday, September 5, 2021	Sunday	September
Sunday, September 12, 2021	Sunday	September
Sunday, September 19, 2021	Sunday	September
Sunday, September 26, 2021	Sunday	September
Sunday, October 3, 2021	Sunday	October
Sunday, October 10, 2021	Sunday	October
Sunday, October 17, 2021	Sunday	October
Sunday, October 24, 2021	Sunday	October
Sunday, October 31, 2021	Sunday	October
Sunday, November 7, 2021	Sunday	November
Sunday, November 14, 2021	Sunday	November
Sunday, November 21, 2021	Sunday	November
Sunday, November 28, 2021	Sunday	November
Sunday, December 5, 2021	Sunday	December
Sunday, December 12, 2021	Sunday	December
Sunday, December 19, 2021	Sunday	December
Sunday, December 26, 2021	Sunday	December
Sunday, January 2, 2022	Sunday	January
Sunday, January 9, 2022	Sunday	January
Sunday, January 16, 2022	Sunday	January
Sunday, January 23, 2022	Sunday	January
Sunday, January 30, 2022	Sunday	January
Sunday, February 6, 2022	Sunday	February
Sunday, February 13, 2022	Sunday	February
Sunday, February 20, 2022	Sunday	February
Sunday, February 27, 2022	Sunday	February
Sunday, March 6, 2022	Sunday	March
Sunday, March 13, 2022	Sunday	March
Sunday, March 20, 2022	Sunday	March
Sunday, March 27, 2022	Sunday	March
Sunday, April 3, 2022	Sunday	April
Sunday, April 10, 2022	Sunday	April
Sunday, April 17, 2022	Sunday	April
Sunday, April 24, 2022	Sunday	April
Sunday, May 1, 2022	Sunday	May
Sunday, May 8, 2022	Sunday	May
Sunday, May 15, 2022	Sunday	May
Sunday, May 22, 2022	Sunday	May
Sunday, May 29, 2022	Sunday	May
Sunday, June 5, 2022	Sunday	June
Sunday, June 12, 2022	Sunday	June
Sunday, June 19, 2022	Sunday	June
Sunday, June 26, 2022	Sunday	June
Sunday, July 3, 2022	Sunday	July
Sunday, July 10, 2022	Sunday	July
Sunday, July 17, 2022	Sunday	July
Sunday, July 24, 2022	Sunday	July
Sunday, July 31, 2022	Sunday	July
Sunday, August 7, 2022	Sunday	August
Sunday, August 14, 2022	Sunday	August
Sunday, August 21, 2022	Sunday	August
Sunday, August 28, 2022	Sunday	August
Sunday, September 4, 2022	Sunday	September
Sunday, September 11, 2022	Sunday	September
Sunday, September 18, 2022	Sunday	September
Sunday, September 25, 2022	Sunday	September
Sunday, October 2, 2022	Sunday	October
Sunday, October 9, 2022	Sunday	October
Sunday, October 16, 2022	Sunday	October
Sunday, October 23, 2022	Sunday	October
Sunday, October 30, 2022	Sunday	October
Sunday, November 6, 2022	Sunday	November
Sunday, November 13, 2022	Sunday	November
Sunday, November 20, 2022	Sunday	November
Sunday, November 27, 2022	Sunday	November
Sunday, December 4, 2022	Sunday	December
Sunday, December 11, 2022	Sunday	December
Sunday, December 18, 2022	Sunday	December
Sunday, December 25, 2022	Sunday	December
Sunday, January 1, 2023	Sunday	January
Sunday, January 8, 2023	Sunday	January
Sunday, January 15, 2023	Sunday	January
Sunday, January 22, 2023	Sunday	January
Sunday, January 29, 2023	Sunday	January
Sunday, February 5, 2023	Sunday	February
Sunday, February 12, 2023	Sunday	February
Sunday, February 19, 2023	Sunday	February
Sunday, February 26, 2023	Sunday	February
Sunday, March 5, 2023	Sunday	March
Sunday, March 12, 2023	Sunday	March
Sunday, March 19, 2023	Sunday	March
Sunday, March 26, 2023	Sunday	March
Sunday, April 2, 2023	Sunday	April
Sunday, April 9, 2023	Sunday	April
Sunday, April 16, 2023	Sunday	April
Sunday, April 23, 2023	Sunday	April
Sunday, April 30, 2023	Sunday	April
Sunday, May 7, 2023	Sunday	May
Sunday, May 14, 2023	Sunday	May
Sunday, May 21, 2023	Sunday	May
Sunday, May 28, 2023	Sunday	May
Sunday, June 4, 2023	Sunday	June
Sunday, June 11, 2023	Sunday	June
Sunday, June 18, 2023	Sunday	June
Sunday, June 25, 2023	Sunday	June
Sunday, July 2, 2023	Sunday	July
Sunday, July 9, 2023	Sunday	July
Sunday, July 16, 2023	Sunday	July
Sunday, July 23, 2023	Sunday	July
Sunday, July 30, 2023	Sunday	July
Sunday, August 6, 2023	Sunday	August
Sunday, August 13, 2023	Sunday	August
Sunday, August 20, 2023	Sunday	August
Sunday, August 27, 2023	Sunday	August
Sunday, September 3, 2023	Sunday	September
Sunday, September 10, 2023	Sunday	September
Sunday, September 17, 2023	Sunday	September
Sunday, September 24, 2023	Sunday	September
Sunday, October 1, 2023	Sunday	October
Sunday, October 8, 2023	Sunday	October
Sunday, October 15, 2023	Sunday	October
Sunday, October 22, 2023	Sunday	October
Sunday, October 29, 2023	Sunday	October
Sunday, November 5, 2023	Sunday	November
Sunday, November 12, 2023	Sunday	November
Sunday, November 19, 2023	Sunday	November
Sunday, November 26, 2023	Sunday	November
Sunday, December 3, 2023	Sunday	December
Sunday, December 10, 2023	Sunday	December
Sunday, December 17, 2023	Sunday	December
Sunday, December 24, 2023	Sunday	December
Sunday, December 31, 2023	Sunday	December
Sunday, January 7, 2024	Sunday	January
Sunday, January 14, 2024	Sunday	January
Sunday, January 21, 2024	Sunday	January
Sunday, January 28, 2024	Sunday	January
Sunday, February 4, 2024	Sunday	February
Sunday, February 11, 2024	Sunday	February
Sunday, February 18, 2024	Sunday	February
Sunday, February 25, 2024	Sunday	February
Sunday, March 3, 2024	Sunday	March
Sunday, March 10, 2024	Sunday	March
Sunday, March 17, 2024	Sunday	March
Sunday, March 24, 2024	Sunday	March
Sunday, March 31, 2024	Sunday	March
Sunday, April 7, 2024	Sunday	April
Sunday, April 14, 2024	Sunday	April
Sunday, April 21, 2024	Sunday	April
Sunday, April 28, 2024	Sunday	April
Sunday, May 5, 2024	Sunday	May
Sunday, May 12, 2024	Sunday	May
Sunday, May 19, 2024	Sunday	May
Sunday, May 26, 2024	Sunday	May
Sunday, June 2, 2024	Sunday	June
Sunday, June 9, 2024	Sunday	June
Sunday, June 16, 2024	Sunday	June
Sunday, June 23, 2024	Sunday	June
Sunday, June 30, 2024	Sunday	June
Sunday, July 7, 2024	Sunday	July
Sunday, July 14, 2024	Sunday	July
Sunday, July 21, 2024	Sunday	July
Sunday, July 28, 2024	Sunday	July
Sunday, August 4, 2024	Sunday	August
Sunday, August 11, 2024	Sunday	August
Sunday, August 18, 2024	Sunday	August
Sunday, August 25, 2024	Sunday	August
Sunday, September 1, 2024	Sunday	September
Sunday, September 8, 2024	Sunday	September
Sunday, September 15, 2024	Sunday	September
Sunday, September 22, 2024	Sunday	September
Sunday, September 29, 2024	Sunday	September
Sunday, October 6, 2024	Sunday	October
Sunday, October 13, 2024	Sunday	October
Sunday, October 20, 2024	Sunday	October
Sunday, October 27, 2024	Sunday	October
Sunday, November 3, 2024	Sunday	November
Sunday, November 10, 2024	Sunday	November
Sunday, November 17, 2024	Sunday	November
Sunday, November 24, 2024	Sunday	November
Sunday, December 1, 2024	Sunday	December
Sunday, December 8, 2024	Sunday	December
Sunday, December 15, 2024	Sunday	December
Sunday, December 22, 2024	Sunday	December
Sunday, December 29, 2024	Sunday	December
Monday, January 4, 2021	Monday	January
Monday, January 11, 2021	Monday	January
Monday, January 18, 2021	Monday	January
Monday, January 25, 2021	Monday	January
Monday, February 1, 2021	Monday	February
Monday, February 8, 2021	Monday	February
Monday, February 15, 2021	Monday	February
Monday, February 22, 2021	Monday	February
Monday, March 1, 2021	Monday	March
Monday, March 8, 2021	Monday	March
Monday, March 15, 2021	Monday	March
Monday, March 22, 2021	Monday	March
Monday, March 29, 2021	Monday	March
Monday, April 5, 2021	Monday	April
Monday, April 12, 2021	Monday	April
Monday, April 19, 2021	Monday	April
Monday, April 26, 2021	Monday	April
Monday, May 3, 2021	Monday	May
Monday, May 10, 2021	Monday	May
Monday, May 17, 2021	Monday	May
Monday, May 24, 2021	Monday	May
Monday, May 31, 2021	Monday	May
Monday, June 7, 2021	Monday	June
Monday, June 14, 2021	Monday	June
Monday, June 21, 2021	Monday	June
Monday, June 28, 2021	Monday	June
Monday, July 5, 2021	Monday	July
Monday, July 12, 2021	Monday	July
Monday, July 19, 2021	Monday	July
Monday, July 26, 2021	Monday	July
Monday, August 2, 2021	Monday	August
Monday, August 9, 2021	Monday	August
Monday, August 16, 2021	Monday	August
Monday, August 23, 2021	Monday	August
Monday, August 30, 2021	Monday	August
Monday, September 6, 2021	Monday	September
Monday, September 13, 2021	Monday	September
Monday, September 20, 2021	Monday	September
Monday, September 27, 2021	Monday	September
Monday, October 4, 2021	Monday	October
Monday, October 11, 2021	Monday	October
Monday, October 18, 2021	Monday	October
Monday, October 25, 2021	Monday	October
Monday, November 1, 2021	Monday	November
Monday, November 8, 2021	Monday	November
Monday, November 15, 2021	Monday	November
Monday, November 22, 2021	Monday	November
Monday, November 29, 2021	Monday	November
Monday, December 6, 2021	Monday	December
Monday, December 13, 2021	Monday	December
Monday, December 20, 2021	Monday	December
Monday, December 27, 2021	Monday	December
Monday, January 3, 2022	Monday	January
Monday, January 10, 2022	Monday	January
Monday, January 17, 2022	Monday	January
Monday, January 24, 2022	Monday	January
Monday, January 31, 2022	Monday	January
Monday, February 7, 2022	Monday	February
Monday, February 14, 2022	Monday	February
Monday, February 21, 2022	Monday	February
Monday, February 28, 2022	Monday	February
Monday, March 7, 2022	Monday	March
Monday, March 14, 2022	Monday	March
Monday, March 21, 2022	Monday	March
Monday, March 28, 2022	Monday	March
Monday, April 4, 2022	Monday	April
Monday, April 11, 2022	Monday	April
Monday, April 18, 2022	Monday	April
Monday, April 25, 2022	Monday	April
Monday, May 2, 2022	Monday	May
Monday, May 9, 2022	Monday	May
Monday, May 16, 2022	Monday	May
Monday, May 23, 2022	Monday	May
Monday, May 30, 2022	Monday	May
Monday, June 6, 2022	Monday	June
Monday, June 13, 2022	Monday	June
Monday, June 20, 2022	Monday	June
Monday, June 27, 2022	Monday	June
Monday, July 4, 2022	Monday	July
Monday, July 11, 2022	Monday	July
Monday, July 18, 2022	Monday	July
Monday, July 25, 2022	Monday	July
Monday, August 1, 2022	Monday	August
Monday, August 8, 2022	Monday	August
Monday, August 15, 2022	Monday	August
Monday, August 22, 2022	Monday	August
Monday, August 29, 2022	Monday	August
Monday, September 5, 2022	Monday	September
Monday, September 12, 2022	Monday	September
Monday, September 19, 2022	Monday	September
Monday, September 26, 2022	Monday	September
Monday, October 3, 2022	Monday	October
Monday, October 10, 2022	Monday	October
Monday, October 17, 2022	Monday	October
Monday, October 24, 2022	Monday	October
Monday, October 31, 2022	Monday	October
Monday, November 7, 2022	Monday	November
Monday, November 14, 2022	Monday	November
Monday, November 21, 2022	Monday	November
Monday, November 28, 2022	Monday	November
Monday, December 5, 2022	Monday	December
Monday, December 12, 2022	Monday	December
Monday, December 19, 2022	Monday	December
Monday, December 26, 2022	Monday	December
Monday, January 2, 2023	Monday	January
Monday, January 9, 2023	Monday	January
Monday, January 16, 2023	Monday	January
Monday, January 23, 2023	Monday	January
Monday, January 30, 2023	Monday	January
Monday, February 6, 2023	Monday	February
Monday, February 13, 2023	Monday	February
Monday, February 20, 2023	Monday	February
Monday, February 27, 2023	Monday	February
Monday, March 6, 2023	Monday	March
Monday, March 13, 2023	Monday	March
Monday, March 20, 2023	Monday	March
Monday, March 27, 2023	Monday	March
Monday, April 3, 2023	Monday	April
Monday, April 10, 2023	Monday	April
Monday, April 17, 2023	Monday	April
Monday, April 24, 2023	Monday	April
Monday, May 1, 2023	Monday	May
Monday, May 8, 2023	Monday	May
Monday, May 15, 2023	Monday	May
Monday, May 22, 2023	Monday	May
Monday, May 29, 2023	Monday	May
Monday, June 5, 2023	Monday	June
Monday, June 12, 2023	Monday	June
Monday, June 19, 2023	Monday	June
Monday, June 26, 2023	Monday	June
Monday, July 3, 2023	Monday	July
Monday, July 10, 2023	Monday	July
Monday, July 17, 2023	Monday	July
Monday, July 24, 2023	Monday	July
Monday, July 31, 2023	Monday	July
Monday, August 7, 2023	Monday	August
Monday, August 14, 2023	Monday	August
Monday, August 21, 2023	Monday	August
Monday, August 28, 2023	Monday	August
Monday, September 4, 2023	Monday	September
Monday, September 11, 2023	Monday	September
Monday, September 18, 2023	Monday	September
Monday, September 25, 2023	Monday	September
Monday, October 2, 2023	Monday	October
Monday, October 9, 2023	Monday	October
Monday, October 16, 2023	Monday	October
Monday, October 23, 2023	Monday	October
Monday, October 30, 2023	Monday	October
Monday, November 6, 2023	Monday	November
Monday, November 13, 2023	Monday	November
Monday, November 20, 2023	Monday	November
Monday, November 27, 2023	Monday	November
Monday, December 4, 2023	Monday	December
Monday, December 11, 2023	Monday	December
Monday, December 18, 2023	Monday	December
Monday, December 25, 2023	Monday	December
Monday, January 1, 2024	Monday	January
Monday, January 8, 2024	Monday	January
Monday, January 15, 2024	Monday	January
Monday, January 22, 2024	Monday	January
Monday, January 29, 2024	Monday	January
Monday, February 5, 2024	Monday	February
Monday, February 12, 2024	Monday	February
Monday, February 19, 2024	Monday	February
Monday, February 26, 2024	Monday	February
Monday, March 4, 2024	Monday	March
Monday, March 11, 2024	Monday	March
Monday, March 18, 2024	Monday	March
Monday, March 25, 2024	Monday	March
Monday, April 1, 2024	Monday	April
Monday, April 8, 2024	Monday	April
Monday, April 15, 2024	Monday	April
Monday, April 22, 2024	Monday	April
Monday, April 29, 2024	Monday	April
Monday, May 6, 2024	Monday	May
Monday, May 13, 2024	Monday	May
Monday, May 20, 2024	Monday	May
Monday, May 27, 2024	Monday	May
Monday, June 3, 2024	Monday	June
Monday, June 10, 2024	Monday	June
Monday, June 17, 2024	Monday	June
Monday, June 24, 2024	Monday	June
Monday, July 1, 2024	Monday	July
Monday, July 8, 2024	Monday	July
Monday, July 15, 2024	Monday	July
Monday, July 22, 2024	Monday	July
Monday, July 29, 2024	Monday	July
Monday, August 5, 2024	Monday	August
Monday, August 12, 2024	Monday	August
Monday, August 19, 2024	Monday	August
Monday, August 26, 2024	Monday	August
Monday, September 2, 2024	Monday	September
Monday, September 9, 2024	Monday	September
Monday, September 16, 2024	Monday	September
Monday, September 23, 2024	Monday	September
Monday, September 30, 2024	Monday	September
Monday, October 7, 2024	Monday	October
Monday, October 14, 2024	Monday	October
Monday, October 21, 2024	Monday	October
Monday, October 28, 2024	Monday	October
Monday, November 4, 2024	Monday	November
Monday, November 11, 2024	Monday	November
Monday, November 18, 2024	Monday	November
Monday, November 25, 2024	Monday	November
Monday, December 2, 2024	Monday	December
Monday, December 9, 2024	Monday	December
Monday, December 16, 2024	Monday	December
Monday, December 23, 2024	Monday	December
Monday, December 30, 2024	Monday	December
Tuesday, January 5, 2021	Tuesday	January
Tuesday, January 12, 2021	Tuesday	January
Tuesday, January 19, 2021	Tuesday	January
Tuesday, January 26, 2021	Tuesday	January
Tuesday, February 2, 2021	Tuesday	February
Tuesday, February 9, 2021	Tuesday	February
Tuesday, February 16, 2021	Tuesday	February
Tuesday, February 23, 2021	Tuesday	February
Tuesday, March 2, 2021	Tuesday	March
Tuesday, March 9, 2021	Tuesday	March
Tuesday, March 16, 2021	Tuesday	March
Tuesday, March 23, 2021	Tuesday	March
Tuesday, March 30, 2021	Tuesday	March
Tuesday, April 6, 2021	Tuesday	April
Tuesday, April 13, 2021	Tuesday	April
Tuesday, April 20, 2021	Tuesday	April
Tuesday, April 27, 2021	Tuesday	April
Tuesday, May 4, 2021	Tuesday	May
Tuesday, May 11, 2021	Tuesday	May
Tuesday, May 18, 2021	Tuesday	May
Tuesday, May 25, 2021	Tuesday	May
Tuesday, June 1, 2021	Tuesday	June
Tuesday, June 8, 2021	Tuesday	June
Tuesday, June 15, 2021	Tuesday	June
Tuesday, June 22, 2021	Tuesday	June
Tuesday, June 29, 2021	Tuesday	June
Tuesday, July 6, 2021	Tuesday	July
Tuesday, July 13, 2021	Tuesday	July
Tuesday, July 20, 2021	Tuesday	July
Tuesday, July 27, 2021	Tuesday	July
Tuesday, August 3, 2021	Tuesday	August
Tuesday, August 10, 2021	Tuesday	August
Tuesday, August 17, 2021	Tuesday	August
Tuesday, August 24, 2021	Tuesday	August
Tuesday, August 31, 2021	Tuesday	August
Tuesday, September 7, 2021	Tuesday	September
Tuesday, September 14, 2021	Tuesday	September
Tuesday, September 21, 2021	Tuesday	September
Tuesday, September 28, 2021	Tuesday	September
Tuesday, October 5, 2021	Tuesday	October
Tuesday, October 12, 2021	Tuesday	October
Tuesday, October 19, 2021	Tuesday	October
Tuesday, October 26, 2021	Tuesday	October
Tuesday, November 2, 2021	Tuesday	November
Tuesday, November 9, 2021	Tuesday	November
Tuesday, November 16, 2021	Tuesday	November
Tuesday, November 23, 2021	Tuesday	November
Tuesday, November 30, 2021	Tuesday	November
Tuesday, December 7, 2021	Tuesday	December
Tuesday, December 14, 2021	Tuesday	December
Tuesday, December 21, 2021	Tuesday	December
Tuesday, December 28, 2021	Tuesday	December
Tuesday, January 4, 2022	Tuesday	January
Tuesday, January 11, 2022	Tuesday	January
Tuesday, January 18, 2022	Tuesday	January
Tuesday, January 25, 2022	Tuesday	January
Tuesday, February 1, 2022	Tuesday	February
Tuesday, February 8, 2022	Tuesday	February
Tuesday, February 15, 2022	Tuesday	February
Tuesday, February 22, 2022	Tuesday	February
Tuesday, March 1, 2022	Tuesday	March
Tuesday, March 8, 2022	Tuesday	March
Tuesday, March 15, 2022	Tuesday	March
Tuesday, March 22, 2022	Tuesday	March
Tuesday, March 29, 2022	Tuesday	March
Tuesday, April 5, 2022	Tuesday	April
Tuesday, April 12, 2022	Tuesday	April
Tuesday, April 19, 2022	Tuesday	April
Tuesday, April 26, 2022	Tuesday	April
Tuesday, May 3, 2022	Tuesday	May
Tuesday, May 10, 2022	Tuesday	May
Tuesday, May 17, 2022	Tuesday	May
Tuesday, May 24, 2022	Tuesday	May
Tuesday, May 31, 2022	Tuesday	May
Tuesday, June 7, 2022	Tuesday	June
Tuesday, June 14, 2022	Tuesday	June
Tuesday, June 21, 2022	Tuesday	June
Tuesday, June 28, 2022	Tuesday	June
Tuesday, July 5, 2022	Tuesday	July
Tuesday, July 12, 2022	Tuesday	July
Tuesday, July 19, 2022	Tuesday	July
Tuesday, July 26, 2022	Tuesday	July
Tuesday, August 2, 2022	Tuesday	August
Tuesday, August 9, 2022	Tuesday	August
Tuesday, August 16, 2022	Tuesday	August
Tuesday, August 23, 2022	Tuesday	August
Tuesday, August 30, 2022	Tuesday	August
Tuesday, September 6, 2022	Tuesday	September
Tuesday, September 13, 2022	Tuesday	September
Tuesday, September 20, 2022	Tuesday	September
Tuesday, September 27, 2022	Tuesday	September
Tuesday, October 4, 2022	Tuesday	October
Tuesday, October 11, 2022	Tuesday	October
Tuesday, October 18, 2022	Tuesday	October
Tuesday, October 25, 2022	Tuesday	October
Tuesday, November 1, 2022	Tuesday	November
Tuesday, November 8, 2022	Tuesday	November
Tuesday, November 15, 2022	Tuesday	November
Tuesday, November 22, 2022	Tuesday	November
Tuesday, November 29, 2022	Tuesday	November
Tuesday, December 6, 2022	Tuesday	December
Tuesday, December 13, 2022	Tuesday	December
Tuesday, December 20, 2022	Tuesday	December
Tuesday, December 27, 2022	Tuesday	December
Tuesday, January 3, 2023	Tuesday	January
Tuesday, January 10, 2023	Tuesday	January
Tuesday, January 17, 2023	Tuesday	January
Tuesday, January 24, 2023	Tuesday	January
Tuesday, January 31, 2023	Tuesday	January
Tuesday, February 7, 2023	Tuesday	February
Tuesday, February 14, 2023	Tuesday	February
Tuesday, February 21, 2023	Tuesday	February
Tuesday, February 28, 2023	Tuesday	February
Tuesday, March 7, 2023	Tuesday	March
Tuesday, March 14, 2023	Tuesday	March
Tuesday, March 21, 2023	Tuesday	March
Tuesday, March 28, 2023	Tuesday	March
Tuesday, April 4, 2023	Tuesday	April
Tuesday, April 11, 2023	Tuesday	April
Tuesday, April 18, 2023	Tuesday	April
Tuesday, April 25, 2023	Tuesday	April
Tuesday, May 2, 2023	Tuesday	May
Tuesday, May 9, 2023	Tuesday	May
Tuesday, May 16, 2023	Tuesday	May
Tuesday, May 23, 2023	Tuesday	May
Tuesday, May 30, 2023	Tuesday	May
Tuesday, June 6, 2023	Tuesday	June
Tuesday, June 13, 2023	Tuesday	June
Tuesday, June 20, 2023	Tuesday	June
Tuesday, June 27, 2023	Tuesday	June
Tuesday, July 4, 2023	Tuesday	July
Tuesday, July 11, 2023	Tuesday	July
Tuesday, July 18, 2023	Tuesday	July
Tuesday, July 25, 2023	Tuesday	July
Tuesday, August 1, 2023	Tuesday	August
Tuesday, August 8, 2023	Tuesday	August
Tuesday, August 15, 2023	Tuesday	August
Tuesday, August 22, 2023	Tuesday	August
Tuesday, August 29, 2023	Tuesday	August
Tuesday, September 5, 2023	Tuesday	September
Tuesday, September 12, 2023	Tuesday	September
Tuesday, September 19, 2023	Tuesday	September
Tuesday, September 26, 2023	Tuesday	September
Tuesday, October 3, 2023	Tuesday	October
Tuesday, October 10, 2023	Tuesday	October
Tuesday, October 17, 2023	Tuesday	October
Tuesday, October 24, 2023	Tuesday	October
Tuesday, October 31, 2023	Tuesday	October
Tuesday, November 7, 2023	Tuesday	November
Tuesday, November 14, 2023	Tuesday	November
Tuesday, November 21, 2023	Tuesday	November
Tuesday, November 28, 2023	Tuesday	November
Tuesday, December 5, 2023	Tuesday	December
Tuesday, December 12, 2023	Tuesday	December
Tuesday, December 19, 2023	Tuesday	December
Tuesday, December 26, 2023	Tuesday	December
Tuesday, January 2, 2024	Tuesday	January
Tuesday, January 9, 2024	Tuesday	January
Tuesday, January 16, 2024	Tuesday	January
Tuesday, January 23, 2024	Tuesday	January
Tuesday, January 30, 2024	Tuesday	January
Tuesday, February 6, 2024	Tuesday	February
Tuesday, February 13, 2024	Tuesday	February
Tuesday, February 20, 2024	Tuesday	February
Tuesday, February 27, 2024	Tuesday	February
Tuesday, March 5, 2024	Tuesday	March
Tuesday, March 12, 2024	Tuesday	March
Tuesday, March 19, 2024	Tuesday	March
Tuesday, March 26, 2024	Tuesday	March
Tuesday, April 2, 2024	Tuesday	April
Tuesday, April 9, 2024	Tuesday	April
Tuesday, April 16, 2024	Tuesday	April
Tuesday, April 23, 2024	Tuesday	April
Tuesday, April 30, 2024	Tuesday	April
Tuesday, May 7, 2024	Tuesday	May
Tuesday, May 14, 2024	Tuesday	May
Tuesday, May 21, 2024	Tuesday	May
Tuesday, May 28, 2024	Tuesday	May
Tuesday, June 4, 2024	Tuesday	June
Tuesday, June 11, 2024	Tuesday	June
Tuesday, June 18, 2024	Tuesday	June
Tuesday, June 25, 2024	Tuesday	June
Tuesday, July 2, 2024	Tuesday	July
Tuesday, July 9, 2024	Tuesday	July
Tuesday, July 16, 2024	Tuesday	July
Tuesday, July 23, 2024	Tuesday	July
Tuesday, July 30, 2024	Tuesday	July
Tuesday, August 6, 2024	Tuesday	August
Tuesday, August 13, 2024	Tuesday	August
Tuesday, August 20, 2024	Tuesday	August
Tuesday, August 27, 2024	Tuesday	August
Tuesday, September 3, 2024	Tuesday	September
Tuesday, September 10, 2024	Tuesday	September
Tuesday, September 17, 2024	Tuesday	September
Tuesday, September 24, 2024	Tuesday	September
Tuesday, October 1, 2024	Tuesday	October
Tuesday, October 8, 2024	Tuesday	October
Tuesday, October 15, 2024	Tuesday	October
Tuesday, October 22, 2024	Tuesday	October
Tuesday, October 29, 2024	Tuesday	October
Tuesday, November 5, 2024	Tuesday	November
Tuesday, November 12, 2024	Tuesday	November
Tuesday, November 19, 2024	Tuesday	November
Tuesday, November 26, 2024	Tuesday	November
Tuesday, December 3, 2024	Tuesday	December
Tuesday, December 10, 2024	Tuesday	December
Tuesday, December 17, 2024	Tuesday	December
Tuesday, December 24, 2024	Tuesday	December
Tuesday, December 31, 2024	Tuesday	December
Wednesday, January 6, 2021	Wednesday	January
Wednesday, January 13, 2021	Wednesday	January
Wednesday, January 20, 2021	Wednesday	January
Wednesday, January 27, 2021	Wednesday	January
Wednesday, February 3, 2021	Wednesday	February
Wednesday, February 10, 2021	Wednesday	February
Wednesday, February 17, 2021	Wednesday	February
Wednesday, February 24, 2021	Wednesday	February
Wednesday, March 3, 2021	Wednesday	March
Wednesday, March 10, 2021	Wednesday	March
Wednesday, March 17, 2021	Wednesday	March
Wednesday, March 24, 2021	Wednesday	March
Wednesday, March 31, 2021	Wednesday	March
Wednesday, April 7, 2021	Wednesday	April
Wednesday, April 14, 2021	Wednesday	April
Wednesday, April 21, 2021	Wednesday	April
Wednesday, April 28, 2021	Wednesday	April
Wednesday, May 5, 2021	Wednesday	May
Wednesday, May 12, 2021	Wednesday	May
Wednesday, May 19, 2021	Wednesday	May
Wednesday, May 26, 2021	Wednesday	May
Wednesday, June 2, 2021	Wednesday	June
Wednesday, June 9, 2021	Wednesday	June
Wednesday, June 16, 2021	Wednesday	June
Wednesday, June 23, 2021	Wednesday	June
Wednesday, June 30, 2021	Wednesday	June
Wednesday, July 7, 2021	Wednesday	July
Wednesday, July 14, 2021	Wednesday	July
Wednesday, July 21, 2021	Wednesday	July
Wednesday, July 28, 2021	Wednesday	July
Wednesday, August 4, 2021	Wednesday	August
Wednesday, August 11, 2021	Wednesday	August
Wednesday, August 18, 2021	Wednesday	August
Wednesday, August 25, 2021	Wednesday	August
Wednesday, September 1, 2021	Wednesday	September
Wednesday, September 8, 2021	Wednesday	September
Wednesday, September 15, 2021	Wednesday	September
Wednesday, September 22, 2021	Wednesday	September
Wednesday, September 29, 2021	Wednesday	September
Wednesday, October 6, 2021	Wednesday	October
Wednesday, October 13, 2021	Wednesday	October
Wednesday, October 20, 2021	Wednesday	October
Wednesday, October 27, 2021	Wednesday	October
Wednesday, November 3, 2021	Wednesday	November
Wednesday, November 10, 2021	Wednesday	November
Wednesday, November 17, 2021	Wednesday	November
Wednesday, November 24, 2021	Wednesday	November
Wednesday, December 1, 2021	Wednesday	December
Wednesday, December 8, 2021	Wednesday	December
Wednesday, December 15, 2021	Wednesday	December
Wednesday, December 22, 2021	Wednesday	December
Wednesday, December 29, 2021	Wednesday	December
Wednesday, January 5, 2022	Wednesday	January
Wednesday, January 12, 2022	Wednesday	January
Wednesday, January 19, 2022	Wednesday	January
Wednesday, January 26, 2022	Wednesday	January
Wednesday, February 2, 2022	Wednesday	February
Wednesday, February 9, 2022	Wednesday	February
Wednesday, February 16, 2022	Wednesday	February
Wednesday, February 23, 2022	Wednesday	February
Wednesday, March 2, 2022	Wednesday	March
Wednesday, March 9, 2022	Wednesday	March
Wednesday, March 16, 2022	Wednesday	March
Wednesday, March 23, 2022	Wednesday	March
Wednesday, March 30, 2022	Wednesday	March
Wednesday, April 6, 2022	Wednesday	April
Wednesday, April 13, 2022	Wednesday	April
Wednesday, April 20, 2022	Wednesday	April
Wednesday, April 27, 2022	Wednesday	April
Wednesday, May 4, 2022	Wednesday	May
Wednesday, May 11, 2022	Wednesday	May
Wednesday, May 18, 2022	Wednesday	May
Wednesday, May 25, 2022	Wednesday	May
Wednesday, June 1, 2022	Wednesday	June
Wednesday, June 8, 2022	Wednesday	June
Wednesday, June 15, 2022	Wednesday	June
Wednesday, June 22, 2022	Wednesday	June
Wednesday, June 29, 2022	Wednesday	June
Wednesday, July 6, 2022	Wednesday	July
Wednesday, July 13, 2022	Wednesday	July
Wednesday, July 20, 2022	Wednesday	July
Wednesday, July 27, 2022	Wednesday	July
Wednesday, August 3, 2022	Wednesday	August
Wednesday, August 10, 2022	Wednesday	August
Wednesday, August 17, 2022	Wednesday	August
Wednesday, August 24, 2022	Wednesday	August
Wednesday, August 31, 2022	Wednesday	August
Wednesday, September 7, 2022	Wednesday	September
Wednesday, September 14, 2022	Wednesday	September
Wednesday, September 21, 2022	Wednesday	September
Wednesday, September 28, 2022	Wednesday	September
Wednesday, October 5, 2022	Wednesday	October
Wednesday, October 12, 2022	Wednesday	October
Wednesday, October 19, 2022	Wednesday	October
Wednesday, October 26, 2022	Wednesday	October
Wednesday, November 2, 2022	Wednesday	November
Wednesday, November 9, 2022	Wednesday	November
Wednesday, November 16, 2022	Wednesday	November
Wednesday, November 23, 2022	Wednesday	November
Wednesday, November 30, 2022	Wednesday	November
Wednesday, December 7, 2022	Wednesday	December
Wednesday, December 14, 2022	Wednesday	December
Wednesday, December 21, 2022	Wednesday	December
Wednesday, December 28, 2022	Wednesday	December
Wednesday, January 4, 2023	Wednesday	January
Wednesday, January 11, 2023	Wednesday	January
Wednesday, January 18, 2023	Wednesday	January
Wednesday, January 25, 2023	Wednesday	January
Wednesday, February 1, 2023	Wednesday	February
Wednesday, February 8, 2023	Wednesday	February
Wednesday, February 15, 2023	Wednesday	February
Wednesday, February 22, 2023	Wednesday	February
Wednesday, March 1, 2023	Wednesday	March
Wednesday, March 8, 2023	Wednesday	March
Wednesday, March 15, 2023	Wednesday	March
Wednesday, March 22, 2023	Wednesday	March
Wednesday, March 29, 2023	Wednesday	March
Wednesday, April 5, 2023	Wednesday	April
Wednesday, April 12, 2023	Wednesday	April
Wednesday, April 19, 2023	Wednesday	April
Wednesday, April 26, 2023	Wednesday	April
Wednesday, May 3, 2023	Wednesday	May
Wednesday, May 10, 2023	Wednesday	May
Wednesday, May 17, 2023	Wednesday	May
Wednesday, May 24, 2023	Wednesday	May
Wednesday, May 31, 2023	Wednesday	May
Wednesday, June 7, 2023	Wednesday	June
Wednesday, June 14, 2023	Wednesday	June
Wednesday, June 21, 2023	Wednesday	June
Wednesday, June 28, 2023	Wednesday	June
Wednesday, July 5, 2023	Wednesday	July
Wednesday, July 12, 2023	Wednesday	July
Wednesday, July 19, 2023	Wednesday	July
Wednesday, July 26, 2023	Wednesday	July
Wednesday, August 2, 2023	Wednesday	August
Wednesday, August 9, 2023	Wednesday	August
Wednesday, August 16, 2023	Wednesday	August
Wednesday, August 23, 2023	Wednesday	August
Wednesday, August 30, 2023	Wednesday	August
Wednesday, September 6, 2023	Wednesday	September
Wednesday, September 13, 2023	Wednesday	September
Wednesday, September 20, 2023	Wednesday	September
Wednesday, September 27, 2023	Wednesday	September
Wednesday, October 4, 2023	Wednesday	October
Wednesday, October 11, 2023	Wednesday	October
Wednesday, October 18, 2023	Wednesday	October
Wednesday, October 25, 2023	Wednesday	October
Wednesday, November 1, 2023	Wednesday	November
Wednesday, November 8, 2023	Wednesday	November
Wednesday, November 15, 2023	Wednesday	November
Wednesday, November 22, 2023	Wednesday	November
Wednesday, November 29, 2023	Wednesday	November
Wednesday, December 6, 2023	Wednesday	December
Wednesday, December 13, 2023	Wednesday	December
Wednesday, December 20, 2023	Wednesday	December
Wednesday, December 27, 2023	Wednesday	December
Wednesday, January 3, 2024	Wednesday	January
Wednesday, January 10, 2024	Wednesday	January
Wednesday, January 17, 2024	Wednesday	January
Wednesday, January 24, 2024	Wednesday	January
Wednesday, January 31, 2024	Wednesday	January
Wednesday, February 7, 2024	Wednesday	February
Wednesday, February 14, 2024	Wednesday	February
Wednesday, February 21, 2024	Wednesday	February
Wednesday, February 28, 2024	Wednesday	February
Wednesday, March 6, 2024	Wednesday	March
Wednesday, March 13, 2024	Wednesday	March
Wednesday, March 20, 2024	Wednesday	March
Wednesday, March 27, 2024	Wednesday	March
Wednesday, April 3, 2024	Wednesday	April
Wednesday, April 10, 2024	Wednesday	April
Wednesday, April 17, 2024	Wednesday	April
Wednesday, April 24, 2024	Wednesday	April
Wednesday, May 1, 2024	Wednesday	May
Wednesday, May 8, 2024	Wednesday	May
Wednesday, May 15, 2024	Wednesday	May
Wednesday, May 22, 2024	Wednesday	May
Wednesday, May 29, 2024	Wednesday	May
Wednesday, June 5, 2024	Wednesday	June
Wednesday, June 12, 2024	Wednesday	June
Wednesday, June 19, 2024	Wednesday	June
Wednesday, June 26, 2024	Wednesday	June
Wednesday, July 3, 2024	Wednesday	July
Wednesday, July 10, 2024	Wednesday	July
Wednesday, July 17, 2024	Wednesday	July
Wednesday, July 24, 2024	Wednesday	July
Wednesday, July 31, 2024	Wednesday	July
Wednesday, August 7, 2024	Wednesday	August
Wednesday, August 14, 2024	Wednesday	August
Wednesday, August 21, 2024	Wednesday	August
Wednesday, August 28, 2024	Wednesday	August
Wednesday, September 4, 2024	Wednesday	September
Wednesday, September 11, 2024	Wednesday	September
Wednesday, September 18, 2024	Wednesday	September
Wednesday, September 25, 2024	Wednesday	September
Wednesday, October 2, 2024	Wednesday	October
Wednesday, October 9, 2024	Wednesday	October
Wednesday, October 16, 2024	Wednesday	October
Wednesday, October 23, 2024	Wednesday	October
Wednesday, October 30, 2024	Wednesday	October
Wednesday, November 6, 2024	Wednesday	November
Wednesday, November 13, 2024	Wednesday	November
Wednesday, November 20, 2024	Wednesday	November
Wednesday, November 27, 2024	Wednesday	November
Wednesday, December 4, 2024	Wednesday	December
Wednesday, December 11, 2024	Wednesday	December
Wednesday, December 18, 2024	Wednesday	December
Wednesday, December 25, 2024	Wednesday	December
Thursday, January 7, 2021	Thursday	January
Thursday, January 14, 2021	Thursday	January
Thursday, January 21, 2021	Thursday	January
Thursday, January 28, 2021	Thursday	January
Thursday, February 4, 2021	Thursday	February
Thursday, February 11, 2021	Thursday	February
Thursday, February 18, 2021	Thursday	February
Thursday, February 25, 2021	Thursday	February
Thursday, March 4, 2021	Thursday	March
Thursday, March 11, 2021	Thursday	March
Thursday, March 18, 2021	Thursday	March
Thursday, March 25, 2021	Thursday	March
Thursday, April 1, 2021	Thursday	April
Thursday, April 8, 2021	Thursday	April
Thursday, April 15, 2021	Thursday	April
Thursday, April 22, 2021	Thursday	April
Thursday, April 29, 2021	Thursday	April
Thursday, May 6, 2021	Thursday	May
Thursday, May 13, 2021	Thursday	May
Thursday, May 20, 2021	Thursday	May
Thursday, May 27, 2021	Thursday	May
Thursday, June 3, 2021	Thursday	June
Thursday, June 10, 2021	Thursday	June
Thursday, June 17, 2021	Thursday	June
Thursday, June 24, 2021	Thursday	June
Thursday, July 1, 2021	Thursday	July
Thursday, July 8, 2021	Thursday	July
Thursday, July 15, 2021	Thursday	July
Thursday, July 22, 2021	Thursday	July
Thursday, July 29, 2021	Thursday	July
Thursday, August 5, 2021	Thursday	August
Thursday, August 12, 2021	Thursday	August
Thursday, August 19, 2021	Thursday	August
Thursday, August 26, 2021	Thursday	August
Thursday, September 2, 2021	Thursday	September
Thursday, September 9, 2021	Thursday	September
Thursday, September 16, 2021	Thursday	September
Thursday, September 23, 2021	Thursday	September
Thursday, September 30, 2021	Thursday	September
Thursday, October 7, 2021	Thursday	October
Thursday, October 14, 2021	Thursday	October
Thursday, October 21, 2021	Thursday	October
Thursday, October 28, 2021	Thursday	October
Thursday, November 4, 2021	Thursday	November
Thursday, November 11, 2021	Thursday	November
Thursday, November 18, 2021	Thursday	November
Thursday, November 25, 2021	Thursday	November
Thursday, December 2, 2021	Thursday	December
Thursday, December 9, 2021	Thursday	December
Thursday, December 16, 2021	Thursday	December
Thursday, December 23, 2021	Thursday	December
Thursday, December 30, 2021	Thursday	December
Thursday, January 6, 2022	Thursday	January
Thursday, January 13, 2022	Thursday	January
Thursday, January 20, 2022	Thursday	January
Thursday, January 27, 2022	Thursday	January
Thursday, February 3, 2022	Thursday	February
Thursday, February 10, 2022	Thursday	February
Thursday, February 17, 2022	Thursday	February
Thursday, February 24, 2022	Thursday	February
Thursday, March 3, 2022	Thursday	March
Thursday, March 10, 2022	Thursday	March
Thursday, March 17, 2022	Thursday	March
Thursday, March 24, 2022	Thursday	March
Thursday, March 31, 2022	Thursday	March
Thursday, April 7, 2022	Thursday	April
Thursday, April 14, 2022	Thursday	April
Thursday, April 21, 2022	Thursday	April
Thursday, April 28, 2022	Thursday	April
Thursday, May 5, 2022	Thursday	May
Thursday, May 12, 2022	Thursday	May
Thursday, May 19, 2022	Thursday	May
Thursday, May 26, 2022	Thursday	May
Thursday, June 2, 2022	Thursday	June
Thursday, June 9, 2022	Thursday	June
Thursday, June 16, 2022	Thursday	June
Thursday, June 23, 2022	Thursday	June
Thursday, June 30, 2022	Thursday	June
Thursday, July 7, 2022	Thursday	July
Thursday, July 14, 2022	Thursday	July
Thursday, July 21, 2022	Thursday	July
Thursday, July 28, 2022	Thursday	July
Thursday, August 4, 2022	Thursday	August
Thursday, August 11, 2022	Thursday	August
Thursday, August 18, 2022	Thursday	August
Thursday, August 25, 2022	Thursday	August
Thursday, September 1, 2022	Thursday	September
Thursday, September 8, 2022	Thursday	September
Thursday, September 15, 2022	Thursday	September
Thursday, September 22, 2022	Thursday	September
Thursday, September 29, 2022	Thursday	September
Thursday, October 6, 2022	Thursday	October
Thursday, October 13, 2022	Thursday	October
Thursday, October 20, 2022	Thursday	October
Thursday, October 27, 2022	Thursday	October
Thursday, November 3, 2022	Thursday	November
Thursday, November 10, 2022	Thursday	November
Thursday, November 17, 2022	Thursday	November
Thursday, November 24, 2022	Thursday	November
Thursday, December 1, 2022	Thursday	December
Thursday, December 8, 2022	Thursday	December
Thursday, December 15, 2022	Thursday	December
Thursday, December 22, 2022	Thursday	December
Thursday, December 29, 2022	Thursday	December
Thursday, January 5, 2023	Thursday	January
Thursday, January 12, 2023	Thursday	January
Thursday, January 19, 2023	Thursday	January
Thursday, January 26, 2023	Thursday	January
Thursday, February 2, 2023	Thursday	February
Thursday, February 9, 2023	Thursday	February
Thursday, February 16, 2023	Thursday	February
Thursday, February 23, 2023	Thursday	February
Thursday, March 2, 2023	Thursday	March
Thursday, March 9, 2023	Thursday	March
Thursday, March 16, 2023	Thursday	March
Thursday, March 23, 2023	Thursday	March
Thursday, March 30, 2023	Thursday	March
Thursday, April 6, 2023	Thursday	April
Thursday, April 13, 2023	Thursday	April
Thursday, April 20, 2023	Thursday	April
Thursday, April 27, 2023	Thursday	April
Thursday, May 4, 2023	Thursday	May
Thursday, May 11, 2023	Thursday	May
Thursday, May 18, 2023	Thursday	May
Thursday, May 25, 2023	Thursday	May
Thursday, June 1, 2023	Thursday	June
Thursday, June 8, 2023	Thursday	June
Thursday, June 15, 2023	Thursday	June
Thursday, June 22, 2023	Thursday	June
Thursday, June 29, 2023	Thursday	June
Thursday, July 6, 2023	Thursday	July
Thursday, July 13, 2023	Thursday	July
Thursday, July 20, 2023	Thursday	July
Thursday, July 27, 2023	Thursday	July
Thursday, August 3, 2023	Thursday	August
Thursday, August 10, 2023	Thursday	August
Thursday, August 17, 2023	Thursday	August
Thursday, August 24, 2023	Thursday	August
Thursday, August 31, 2023	Thursday	August
Thursday, September 7, 2023	Thursday	September
Thursday, September 14, 2023	Thursday	September
Thursday, September 21, 2023	Thursday	September
Thursday, September 28, 2023	Thursday	September
Thursday, October 5, 2023	Thursday	October
Thursday, October 12, 2023	Thursday	October
Thursday, October 19, 2023	Thursday	October
Thursday, October 26, 2023	Thursday	October
Thursday, November 2, 2023	Thursday	November
Thursday, November 9, 2023	Thursday	November
Thursday, November 16, 2023	Thursday	November
Thursday, November 23, 2023	Thursday	November
Thursday, November 30, 2023	Thursday	November
Thursday, December 7, 2023	Thursday	December
Thursday, December 14, 2023	Thursday	December
Thursday, December 21, 2023	Thursday	December
Thursday, December 28, 2023	Thursday	December
Thursday, January 4, 2024	Thursday	January
Thursday, January 11, 2024	Thursday	January
Thursday, January 18, 2024	Thursday	January
Thursday, January 25, 2024	Thursday	January
Thursday, February 1, 2024	Thursday	February
Thursday, February 8, 2024	Thursday	February
Thursday, February 15, 2024	Thursday	February
Thursday, February 22, 2024	Thursday	February
Thursday, February 29, 2024	Thursday	February
Thursday, March 7, 2024	Thursday	March
Thursday, March 14, 2024	Thursday	March
Thursday, March 21, 2024	Thursday	March
Thursday, March 28, 2024	Thursday	March
Thursday, April 4, 2024	Thursday	April
Thursday, April 11, 2024	Thursday	April
Thursday, April 18, 2024	Thursday	April
Thursday, April 25, 2024	Thursday	April
Thursday, May 2, 2024	Thursday	May
Thursday, May 9, 2024	Thursday	May
Thursday, May 16, 2024	Thursday	May
Thursday, May 23, 2024	Thursday	May
Thursday, May 30, 2024	Thursday	May
Thursday, June 6, 2024	Thursday	June
Thursday, June 13, 2024	Thursday	June
Thursday, June 20, 2024	Thursday	June
Thursday, June 27, 2024	Thursday	June
Thursday, July 4, 2024	Thursday	July
Thursday, July 11, 2024	Thursday	July
Thursday, July 18, 2024	Thursday	July
Thursday, July 25, 2024	Thursday	July
Thursday, August 1, 2024	Thursday	August
Thursday, August 8, 2024	Thursday	August
Thursday, August 15, 2024	Thursday	August
Thursday, August 22, 2024	Thursday	August
Thursday, August 29, 2024	Thursday	August
Thursday, September 5, 2024	Thursday	September
Thursday, September 12, 2024	Thursday	September
Thursday, September 19, 2024	Thursday	September
Thursday, September 26, 2024	Thursday	September
Thursday, October 3, 2024	Thursday	October
Thursday, October 10, 2024	Thursday	October
Thursday, October 17, 2024	Thursday	October
Thursday, October 24, 2024	Thursday	October
Thursday, October 31, 2024	Thursday	October
Thursday, November 7, 2024	Thursday	November
Thursday, November 14, 2024	Thursday	November
Thursday, November 21, 2024	Thursday	November
Thursday, November 28, 2024	Thursday	November
Thursday, December 5, 2024	Thursday	December
Thursday, December 12, 2024	Thursday	December
Thursday, December 19, 2024	Thursday	December
Thursday, December 26, 2024	Thursday	December